url_path,views_total,views_unique
/roostorg/awesome-safety-tools,73,51
/roostorg/awesome-safety-tools/blob/main/README.md,5,5
/roostorg/awesome-safety-tools/pull/72,5,5
/roostorg/awesome-safety-tools/pulls,3,3
/roostorg/awesome-safety-tools/issues,3,2
/roostorg/awesome-safety-tools/pull/71,3,1
/roostorg/awesome-safety-tools/commit/1679db6cccd79b97a43dbeeb525c9d2c4532106a,1,1
/roostorg/awesome-safety-tools/commit/6062d26b82df488d24765a52eb05c3aa6a0a550c,1,1
/roostorg/awesome-safety-tools/commits/main,1,1
/roostorg/awesome-safety-tools/edit/main/README.md,1,1
